<?xml version="1.0" encoding="UTF-8"?>
<jcr:root xmlns:sling="http://sling.apache.org/jcr/sling/1.0" xmlns:cq="http://www.day.com/jcr/cq/1.0" xmlns:jcr="http://www.jcp.org/jcr/1.0" xmlns:nt="http://www.jcp.org/jcr/nt/1.0"
    jcr:primaryType="cq:Page">
    <wcm jcr:primaryType="nt:unstructured">
        <foundation jcr:primaryType="nt:unstructured">
            <components jcr:primaryType="nt:unstructured">
                <responsivegrid jcr:primaryType="nt:unstructured">
                    <policy_271788119615466
                        jcr:lastModified="{Date}2018-09-24T12:08:27.848+05:30"
                        jcr:lastModifiedBy="admin"
                        jcr:primaryType="nt:unstructured"
                        jcr:title="Dashboard Policy"
                        sling:resourceType="wcm/core/components/policy/policy"
                        components="[group:General,group:We.Retail]">
                        <jcr:content
                            cq:lastReplicated="{Date}2018-09-24T12:29:40.101+05:30"
                            cq:lastReplicatedBy="admin"
                            cq:lastReplicationAction="Activate"
                            jcr:mixinTypes="[cq:ReplicationStatus]"
                            jcr:primaryType="nt:unstructured"/>
                    </policy_271788119615466>
                    <policy_273591507967035
                        jcr:lastModified="{Date}2018-09-24T12:39:55.509+05:30"
                        jcr:lastModifiedBy="admin"
                        jcr:primaryType="nt:unstructured"
                        jcr:title="Text only policy"
                        sling:resourceType="wcm/core/components/policy/policy"
                        components="/apps/weretail/components/content/text">
                        <jcr:content jcr:primaryType="nt:unstructured"/>
                    </policy_273591507967035>
                </responsivegrid>
            </components>
        </foundation>
    </wcm>
    <weretail jcr:primaryType="nt:unstructured">
        <components jcr:primaryType="nt:unstructured">
            <content jcr:primaryType="nt:unstructured">
                <heroimage jcr:primaryType="nt:unstructured"/>
            </content>
        </components>
    </weretail>
</jcr:root>
