<?xml version="1.0" encoding="UTF-8"?>
<jcr:root xmlns:sling="http://sling.apache.org/jcr/sling/1.0" xmlns:cq="http://www.day.com/jcr/cq/1.0" xmlns:jcr="http://www.jcp.org/jcr/1.0" xmlns:nt="http://www.jcp.org/jcr/nt/1.0"
    jcr:primaryType="cq:Page">
    <weretail jcr:primaryType="nt:unstructured">
        <components jcr:primaryType="nt:unstructured">
            <structure jcr:primaryType="nt:unstructured">
                <page jcr:primaryType="nt:unstructured"/>
            </structure>
        </components>
    </weretail>
    <wcm jcr:primaryType="nt:unstructured">
        <foundation jcr:primaryType="nt:unstructured">
            <components jcr:primaryType="nt:unstructured">
                <responsivegrid jcr:primaryType="nt:unstructured">
                    <policy_1537536953264
                        jcr:lastModified="{Date}2018-09-21T19:06:18.005+05:30"
                        jcr:lastModifiedBy="admin"
                        jcr:primaryType="nt:unstructured"
                        jcr:title="Stationary Management"
                        sling:resourceType="wcm/core/components/policy/policy"
                        components="[/libs/dam/cfm/components/contentfragment,/libs/foundation/components/download,/libs/cq/experience-fragments/editor/components/experiencefragment,/libs/wcm/foundation/components/image,/libs/wcm/foundation/components/responsivegrid,/libs/wcm/foundation/components/list,/libs/foundation/components/reference,/libs/foundation/components/table,/libs/wcm/foundation/components/textimage,/libs/wcm/foundation/components/text,/libs/wcm/foundation/components/title,/libs/foundation/components/video,group:stationary.management]">
                        <jcr:content jcr:primaryType="nt:unstructured"/>
                        <cq:authoring jcr:primaryType="nt:unstructured">
                            <assetToComponentMapping jcr:primaryType="nt:unstructured">
                                <image
                                    jcr:primaryType="nt:unstructured"
                                    assetGroup="media"
                                    assetMimetype="image/*"
                                    droptarget="image"
                                    resourceType="wcm/foundation/components/image"/>
                                <product
                                    jcr:primaryType="nt:unstructured"
                                    assetGroup="product"
                                    droptarget="product-data-reference"
                                    resourceType="commerce/components/product"/>
                                <document
                                    jcr:primaryType="nt:unstructured"
                                    assetGroup="media"
                                    assetMimetype="[application/vnd.openxmlformats,application/msword,application/vnd.ms-powerpoint,application/mspowerpoint,application/powerpoint,application/x-mspowerpoint,application/x-msexcel,application/x-excel,application/excel,application/vnd.ms-excel,application/pdf,application/vnd.openxmlformats-officedocument.wordprocessingml.document]"
                                    droptarget="file"
                                    resourceType="foundation/components/download"/>
                                <video
                                    jcr:primaryType="nt:unstructured"
                                    assetGroup="media"
                                    assetMimetype="video/*"
                                    droptarget="video"
                                    resourceType="foundation/components/video"/>
                                <fragment
                                    jcr:primaryType="nt:unstructured"
                                    assetGroup="media"
                                    assetMimetype="text/html"
                                    droptarget="fragment"
                                    resourceType="dam/cfm/components/contentfragment"/>
                                <experiencefragment
                                    jcr:primaryType="nt:unstructured"
                                    assetGroup="content"
                                    assetMimetype="text/html"
                                    droptarget="experiencefragment"
                                    resourceType="cq/experience-fragments/editor/components/experiencefragment"/>
                            </assetToComponentMapping>
                        </cq:authoring>
                    </policy_1537536953264>
                    <policy_119204651669576
                        jcr:lastModified="{Date}2018-09-24T12:02:17.948+05:30"
                        jcr:lastModifiedBy="admin"
                        jcr:primaryType="nt:unstructured"
                        jcr:title="template2 policy"
                        sling:resourceType="wcm/core/components/policy/policy"
                        components="[group:General,group:stationary.management]">
                        <jcr:content jcr:primaryType="nt:unstructured"/>
                    </policy_119204651669576>
                    <policy_121039309211735
                        jcr:lastModified="{Date}2018-09-24T12:32:17.719+05:30"
                        jcr:lastModifiedBy="admin"
                        jcr:primaryType="nt:unstructured"
                        jcr:title="policy3"
                        sling:resourceType="wcm/core/components/policy/policy"
                        components="[group:General,group:stationary.management]">
                        <jcr:content jcr:primaryType="nt:unstructured"/>
                    </policy_121039309211735>
                </responsivegrid>
            </components>
        </foundation>
    </wcm>
</jcr:root>
