<?xml version="1.0" encoding="UTF-8"?>
<jcr:root xmlns:sling="http://sling.apache.org/jcr/sling/1.0" xmlns:cq="http://www.day.com/jcr/cq/1.0" xmlns:jcr="http://www.jcp.org/jcr/1.0" xmlns:nt="http://www.jcp.org/jcr/nt/1.0"
    jcr:primaryType="cq:Page">
    <personal-website-sachin jcr:primaryType="nt:unstructured">
        <components jcr:primaryType="nt:unstructured">
            <page jcr:primaryType="nt:unstructured">
                <page jcr:primaryType="nt:unstructured"/>
            </page>
            <content jcr:primaryType="nt:unstructured">
                <title jcr:primaryType="nt:unstructured"/>
            </content>
        </components>
    </personal-website-sachin>
    <wcm jcr:primaryType="nt:unstructured">
        <foundation jcr:primaryType="nt:unstructured">
            <components jcr:primaryType="nt:unstructured">
                <responsivegrid jcr:primaryType="nt:unstructured">
                    <policy_1537536914216
                        jcr:lastModified="{Date}2018-09-24T12:41:07.287+05:30"
                        jcr:lastModifiedBy="admin"
                        jcr:primaryType="nt:unstructured"
                        jcr:title="Personal Website Policy"
                        sling:resourceType="wcm/core/components/policy/policy"
                        components="[/libs/foundation/components/adaptiveimage,/libs/foundation/components/image,/libs/wcm/foundation/components/image,/libs/wcm/foundation/components/responsivegrid,/libs/foundation/components/list,/libs/wcm/foundation/components/list,/libs/foundation/components/textimage,/libs/wcm/foundation/components/textimage,/libs/wcm/foundation/components/text,/libs/foundation/components/title,/libs/foundation/components/video,group:Personal Website]">
                        <jcr:content jcr:primaryType="nt:unstructured"/>
                        <cq:authoring jcr:primaryType="nt:unstructured">
                            <assetToComponentMapping jcr:primaryType="nt:unstructured">
                                <image
                                    jcr:primaryType="nt:unstructured"
                                    assetGroup="media"
                                    assetMimetype="image/*"
                                    droptarget="image"
                                    resourceType="wcm/foundation/components/image"/>
                                <product
                                    jcr:primaryType="nt:unstructured"
                                    assetGroup="product"
                                    droptarget="product-data-reference"
                                    resourceType="commerce/components/product"/>
                                <document
                                    jcr:primaryType="nt:unstructured"
                                    assetGroup="media"
                                    assetMimetype="[application/vnd.openxmlformats,application/msword,application/vnd.ms-powerpoint,application/mspowerpoint,application/powerpoint,application/x-mspowerpoint,application/x-msexcel,application/x-excel,application/excel,application/vnd.ms-excel,application/pdf,application/vnd.openxmlformats-officedocument.wordprocessingml.document]"
                                    droptarget="file"
                                    resourceType="foundation/components/download"/>
                                <video
                                    jcr:primaryType="nt:unstructured"
                                    assetGroup="media"
                                    assetMimetype="video/*"
                                    droptarget="video"
                                    resourceType="foundation/components/video"/>
                                <fragment
                                    jcr:primaryType="nt:unstructured"
                                    assetGroup="media"
                                    assetMimetype="text/html"
                                    droptarget="fragment"
                                    resourceType="dam/cfm/components/contentfragment"/>
                                <experiencefragment
                                    jcr:primaryType="nt:unstructured"
                                    assetGroup="content"
                                    assetMimetype="text/html"
                                    droptarget="experiencefragment"
                                    resourceType="cq/experience-fragments/editor/components/experiencefragment"/>
                            </assetToComponentMapping>
                        </cq:authoring>
                    </policy_1537536914216>
                    <policy_182822498602560
                        jcr:lastModified="{Date}2018-10-08T12:39:53.348+05:30"
                        jcr:lastModifiedBy="admin"
                        jcr:primaryType="nt:unstructured"
                        jcr:title="Parsys Policy"
                        sling:resourceType="wcm/core/components/policy/policy"
                        components="[group:General,group:Personal Website,group:test123]">
                        <jcr:content jcr:primaryType="nt:unstructured"/>
                    </policy_182822498602560>
                </responsivegrid>
            </components>
        </foundation>
    </wcm>
</jcr:root>
