<?xml version="1.0" encoding="UTF-8"?>
<jcr:root xmlns:sling="http://sling.apache.org/jcr/sling/1.0" xmlns:cq="http://www.day.com/jcr/cq/1.0" xmlns:jcr="http://www.jcp.org/jcr/1.0" xmlns:nt="http://www.jcp.org/jcr/nt/1.0"
    jcr:primaryType="cq:Page">
    <jcr:content
        cq:allowedTemplates="[/conf/stationaryManagement/settings/wcm/templates/.*]"
        cq:cloudserviceconfigs="[]"
        cq:conf="/conf/stationary-management"
        cq:deviceGroups="[mobile/groups/responsive]"
        cq:lastModified="{Date}2016-02-09T00:05:48.520+01:00"
        cq:lastModifiedBy="admin"
        cq:redirectTarget="/content/stationary-management/us/en"
        jcr:language="en_US"
        jcr:primaryType="cq:PageContent"
        jcr:title="stationary.management"
        sling:resourceType="stationaryManagement/components/structure/page">
        <image
            jcr:primaryType="nt:unstructured"
            imageRotate="0">
            <file/>
        </image>
    </jcr:content>
    <resources/>
    <Hello/>
    <page-2/>
    <trial-on-24th/>
    <triaaalll/>
    <trial-page-5/>
</jcr:root>
